datetime,tempmax,tempmin,windspeed,cloudcover
2021-01-01,5,-0.5,10.1,98.4
2021-01-02,5.1,1.5,11.9,83
2021-01-03,6,1.1,16.9,90.3
2021-01-04,5.6,3.5,25.8,81.9
2021-01-05,4.6,2.5,21.2,78
2021-01-06,5.6,2,17.5,68.1
2021-01-07,3.1,-1,12.6,76.2
2021-01-08,2.5,-1,8.4,95.4
2021-01-09,4.5,-1.2,9.8,72.5
2021-01-10,3.6,-1.7,11.3,99.1
2021-01-11,9,3.6,33.2,94.7
2021-01-12,9.5,2.5,27.7,83.6
2021-01-13,9.6,1.1,19,93.9
2021-01-14,9.1,2.6,16,94.4
2021-01-15,4.1,1.1,13.2,62.4
2021-01-16,7.2,1.6,22.4,88.8
2021-01-17,8,3.1,19.6,60.9
2021-01-18,8.6,2.5,24.9,64.8
2021-01-19,11.6,9.1,31.7,93.7
2021-01-20,10.6,9.3,33.2,94.5
2021-01-21,8.8,4.3,0.3,50.8
2021-01-22,7.1,0.5,16.2,29.2
2021-01-23,4.5,-0.2,15.3,57.9
2021-01-24,2,-2,13.9,71.3
2021-01-25,5.1,-1.2,17.6,19.9
2021-01-26,6.6,-0.5,21.9,70.4
2021-01-27,9.6,6.6,12.2,93.7
2021-01-28,13,8.6,29.8,89.3
2021-01-29,11.1,7.2,28.9,77.2
2021-01-30,8,3.6,28.1,94.7
2021-01-31,4.1,1.6,19.8,69.7
2021-02-01,4.6,3.6,11.6,99.6
2021-02-02,13.1,4,24.2,87
2021-02-03,10.5,6.1,23,69.4
2021-02-04,9.1,4,15,69.9
2021-02-05,11.1,6.5,15.7,72.3
2021-02-06,8.1,5,18.6,86.4
2021-02-07,4.5,-0.5,26.7,89.7
2021-02-08,-0.2,-1.5,26.6,89.8
2021-02-09,0.6,-1,22.7,89.7
2021-02-10,2,-1.7,26.3,58
2021-02-11,0.3,-2.9,31.3,80
2021-02-12,1,-1.4,36,93.2
2021-02-13,1.6,-4,27.4,71.9
2021-02-14,4.6,1.1,24.5,78.4
2021-02-15,12.6,4.6,20.5,89.9
2021-02-16,10.5,7.6,23.7,74.7
2021-02-17,11.5,7.6,27.7,86.7
2021-02-18,11.1,6,27.4,39.7
2021-02-19,12,5.5,27.2,60.7
2021-02-20,15.5,11.6,24.1,79
2021-02-21,14.1,10.5,20.1,72.5
2021-02-22,11.5,8.1,13,78.1
2021-02-23,14,6.1,34,67.1
2021-02-24,16,11.5,26.1,56.9
2021-02-25,13,8,21.2,66.5
2021-02-26,12.6,1.6,12.3,3.9
2021-02-27,13,2,10.7,6.7
2021-02-28,10,4,16,37.8
2021-03-01,10.1,4.6,18.1,71.3
2021-03-02,9,4.5,11.9,69.2
2021-03-03,8.1,4.1,8.4,94
2021-03-04,6.2,4.5,14.8,96.9
2021-03-05,6.5,2.5,19.7,79.4
2021-03-06,6.1,3,14.6,86.1
2021-03-07,6.6,1.6,10.3,59.8
2021-03-08,10,0,11.2,62.1
2021-03-09,13.6,3.1,20.1,38.1
2021-03-10,11.1,6.6,32.9,90.5
2021-03-11,12.1,6,44.2,62
2021-03-12,11.1,5,35.2,55.9
2021-03-13,10.6,4.6,41,64.9
2021-03-14,10.6,5.1,27.1,70.8
2021-03-15,11,8.1,21.6,68.5
2021-03-16,14.5,7.5,23.5,78.2
2021-03-17,10.1,4.5,16.3,45.3
2021-03-18,9.6,5.5,25.1,83.7
2021-03-19,11.1,6.1,20.2,59.6
2021-03-20,10.6,5.1,14.9,86.2
2021-03-21,11,5.5,18.7,76
2021-03-22,14.5,6.1,12.9,48.7
2021-03-23,13.5,4.1,22.3,43.8
2021-03-24,13,4,19.9,67.6
2021-03-25,12,4.1,26.2,50.5
2021-03-26,12.6,5.6,33.8,70.8
2021-03-27,11.6,3.6,30.2,42.9
2021-03-28,12.1,9.1,33.5,87.8
2021-03-29,20.1,8.2,24.8,51.3
2021-03-30,24.1,4.6,13.8,10
2021-03-31,20.6,8.1,11.1,45.9
2021-04-01,14.6,7,22.7,51.2
2021-04-02,10.5,5.6,22.8,86.5
2021-04-03,9.6,6.1,20.7,90.3
2021-04-04,15.1,5,17.3,40.7
2021-04-05,9.6,4.1,27.2,40.7
2021-04-06,7.6,1.1,23.4,28.4
2021-04-07,7.1,-1,21.8,47.2
2021-04-08,12.1,3.6,23.9,78.7
2021-04-09,14.5,5.6,17,57.6
2021-04-10,8.1,5.1,19.4,87.5
2021-04-11,8.5,2.5,18.3,46.8
2021-04-12,10.5,1,12.9,44.3
2021-04-13,12.1,0.1,16.1,30.8
2021-04-14,12,5.6,16.5,43.3
2021-04-15,9.1,3,18.4,43.4
2021-04-16,11.1,3,13.1,30.9
2021-04-17,13.1,3.1,16.1,15.8
2021-04-18,15.1,2,11.3,29.3
2021-04-19,16.6,4.1,14.5,9.3
2021-04-20,16,5.6,13.7,15.9
2021-04-21,13.6,7,22,46.4
2021-04-22,13.6,4,20.1,4
2021-04-23,15.2,4.1,21.1,15.9
2021-04-24,16.6,5.5,23.2,7.8
2021-04-25,13.6,5.5,25.5,33.6
2021-04-26,13.1,5.6,20.2,56.4
2021-04-27,16.5,2.1,15.2,33.6
2021-04-28,12.5,6.6,22.2,74.1
2021-04-29,11.6,4.6,16.8,60.2
2021-04-30,12.5,4.6,14.5,57.3
2021-05-01,13.1,4.5,15.6,41.3
2021-05-02,14.6,4.1,16.4,54.6
2021-05-03,13.6,6,40.7,68.3
2021-05-04,13.6,7.1,41.9,65.6
2021-05-05,12.5,4.5,23,52
2021-05-06,13,2.6,19.8,45.4
2021-05-07,13.6,4.6,19.4,34.4
2021-05-08,16.1,7.5,36.9,85.7
2021-05-09,20.6,12.6,27.5,59.9
2021-05-10,16.6,10.6,35.1,56.5
2021-05-11,17.6,8,26.7,52.7
2021-05-12,17.1,9.1,20.3,62.9
2021-05-13,13,9.6,17.8,75.9
2021-05-14,11.8,8.6,14.7,87.7
2021-05-15,13.1,7.9,14.9,81
2021-05-16,13.3,7.6,18.3,73
2021-05-17,15.5,10,21.1,83.4
2021-05-18,16.1,7,22.8,56.8
2021-05-19,17.1,9.1,18.7,58.6
2021-05-20,14,7.1,36.6,63.1
2021-05-21,13.1,10.6,40.5,84.2
2021-05-22,14,8,24.6,78.2
2021-05-23,13.1,5.5,29.3,62.2
2021-05-24,13.5,7.6,23.5,64.5
2021-05-25,16.1,7,24.7,59.2
2021-05-26,16.1,6.5,18.6,55.9
2021-05-27,20.1,7.6,12.3,33.9
2021-05-28,19.5,10.1,10.4,66.9
2021-05-29,21,12.6,18.9,45.6
2021-05-30,20,9.6,17.9,43.2
2021-05-31,24,10.1,17.6,36.7
2021-06-01,24.6,12.1,22.3,8.4
2021-06-02,26.8,13,15.8,40.9
2021-06-03,24,17.6,16.4,63.9
2021-06-04,17,14.1,11.7,70.9
2021-06-05,23.6,13.1,13.4,40.8
2021-06-06,23.1,13.1,11.4,54
2021-06-07,23,14.6,15.6,60
2021-06-08,24.1,13,14.4,27.8
2021-06-09,25.6,12.6,19.4,12.2
2021-06-10,23.6,15.6,18.1,66.6
2021-06-11,24.1,16.8,22.4,82.9
2021-06-12,24,15,16.8,40.8
2021-06-13,27.6,14.6,16.8,6.2
2021-06-14,28.1,16.1,12.8,27.6
2021-06-15,25.6,15.5,15.8,62.3
2021-06-16,28.1,15.1,16.5,40.3
2021-06-17,21.5,16.6,13.3,85.9
2021-06-18,16.6,12.6,17.4,97.8
2021-06-19,16,12.5,13.9,97.5
2021-06-20,18.1,13.1,17.6,95.1
2021-06-21,14.5,12.1,20.1,88.8
2021-06-22,16.5,12,22.5,69.7
2021-06-23,21.1,9.6,12.2,29
2021-06-24,21.5,10,14.3,57.3
2021-06-25,21.5,14.1,14.5,69.2
2021-06-26,21.2,14.6,15.5,63.4
2021-06-27,20.5,16,19.7,90.6
2021-06-28,21,15.6,14.9,88.9
2021-06-29,19,15,17.7,89.8
2021-06-30,17.1,14,12.8,90.3
2021-07-01,21.6,13.6,10.1,60.1
2021-07-02,23.6,15.1,14.9,68.6
2021-07-03,20.6,16.5,19.2,83.4
2021-07-04,20.6,15,24,79
2021-07-05,20.6,14.1,23.4,73
2021-07-06,18.6,13.6,29.9,69.1
2021-07-07,20,13.5,24.9,72
2021-07-08,21.1,14.6,15.9,65.3
2021-07-09,23.6,15.6,17.5,68.6
2021-07-10,18.1,14.1,11,64
2021-07-11,21.1,13,15.6,60.8
2021-07-12,21.5,14.1,11.2,77.4
2021-07-13,23.1,16.1,17.8,60.7
2021-07-14,24.6,15.1,19.7,44.3
2021-07-15,21.1,15.5,17.2,51.9
2021-07-16,26.1,12.5,19.2,12
2021-07-17,28,16.1,12.4,2.1
2021-07-18,31,15.6,9.5,10.2
2021-07-19,30.1,18.5,12.2,12.9
2021-07-20,30.5,18,15.5,15
2021-07-21,29.6,18.6,13.9,11.8
2021-07-22,28.5,18.1,12.6,4.6
2021-07-23,23.6,16.5,23.7,38.8
2021-07-24,23,16.5,21.9,84.8
2021-07-25,21.6,17.2,16.6,84.7
2021-07-26,24.5,16.6,14.5,67
2021-07-27,21.6,17,19.7,69.3
2021-07-28,20.6,14,24.8,68.4
2021-07-29,22,12.5,27.3,37.5
2021-07-30,19,14.6,34.7,78.9
2021-07-31,21,13.6,19,64.2
2021-08-01,21,15,14.9,81.5
2021-08-02,19.6,13.6,13.8,65.8
2021-08-03,21.5,12.6,11.3,57.2
2021-08-04,22.1,13,12.8,42.9
2021-08-05,20.6,13.5,24.9,63.9
2021-08-06,22.6,15.1,31.4,67.8
2021-08-07,20.1,14,23.7,61.2
2021-08-08,19.6,13.6,25.9,56.8
2021-08-09,22,13.6,23.1,67
2021-08-10,24,13.1,14.4,47.1
2021-08-11,23.3,13.6,15.1,35.3
2021-08-12,22,16.5,20.5,73.8
2021-08-13,21.6,14.5,21,54.9
2021-08-14,24.6,14.6,20,58.6
2021-08-15,23,15.1,25.4,70.4
2021-08-16,18.5,13.5,21.4,62.3
2021-08-17,18.6,11.6,20.5,81.6
2021-08-18,22.6,15.6,23.9,84.1
2021-08-19,21.1,14.1,17.9,84.5
2021-08-20,21.1,15,12,82.3
2021-08-21,20.5,16.1,14.9,71.4
2021-08-22,22.5,15.5,17.6,76.4
2021-08-23,20.6,15.5,15.8,67.2
2021-08-24,23.1,13.6,19,47.3
2021-08-25,22.1,14.1,17.2,44.9
2021-08-26,18.5,16,21,96.3
2021-08-27,19,12.6,16.4,64.8
2021-08-28,20.5,12.6,17.4,57.1
2021-08-29,19,11,17.1,61.8
2021-08-30,17,14.1,18.6,96.9
2021-08-31,18.6,14.1,17.5,94.9
2021-09-01,18.1,14.6,17.2,95.5
2021-09-02,19.6,15.5,21.1,90.4
2021-09-03,21.1,14.6,15.1,72.4
2021-09-04,19.1,14.5,15.4,79.7
2021-09-05,25.1,14.1,10.5,45.8
2021-09-06,27.6,14.6,7.1,23.9
2021-09-07,29.5,15.6,14.4,2.1
2021-09-08,28.5,16.5,18.8,19.6
2021-09-09,22.1,16.5,21,78.9
2021-09-10,22.1,17.1,19,78.6
2021-09-11,22.6,16.5,17.8,72.2
2021-09-12,21.1,12.5,9.1,58
2021-09-13,20.2,14.1,17.5,65.9
2021-09-14,19.5,16.1,11.3,83.9
2021-09-15,20,14.1,13.7,69.3
2021-09-16,23.3,11.6,11,21.5
2021-09-17,21.1,13.3,0.1,52.8
2021-09-18,24,13.6,0.1,51.3
2021-09-19,20.3,15.6,0.1,65.8
2021-09-20,19.1,13,0.1,61.5
2021-09-21,21.1,11.6,0.1,40.3
2021-09-22,22.1,11.1,0.1,17.6
2021-09-23,20.8,12.1,0.1,45.7
2021-09-24,23.1,13.1,0.1,42.7
2021-09-25,18.6,14.3,0.1,74.1
2021-09-26,22.1,13.6,0.2,67.9
2021-09-27,18.1,12.8,0.2,51.1
2021-09-28,17.8,11,0.2,56.3
2021-09-29,16,9,14.2,30.8
2021-09-30,16.1,7.6,0.2,76
2021-10-01,17.6,10.1,0.2,59.2
2021-10-02,17,8.1,0.2,67.6
2021-10-03,17.1,10.6,0.2,43.4
2021-10-04,17.1,10.6,0.2,48.7
2021-10-05,14.6,11.1,0.2,59.2
2021-10-06,17.3,10,0.2,20.1
2021-10-07,17.8,11.6,0.1,89
2021-10-08,17.6,13.3,0.1,97.1
2021-10-09,19.5,9.3,3.9,37.8
2021-10-10,19.1,9.8,0.1,57.3
2021-10-11,15.8,9.3,0.1,24.7
2021-10-12,15.6,7.8,0.1,53.4
2021-10-13,15.8,7.8,10.3,69.9
2021-10-14,17.6,10,0.1,78.5
2021-10-15,14.1,9.6,0.1,88.4
2021-10-16,15.6,8.5,0.1,67
2021-10-17,16.8,10.6,0.1,47.4
2021-10-18,17.1,9.3,0.1,68.4
2021-10-19,20.1,16.6,0.2,94.2
2021-10-20,18.6,11,21.9,68.8
2021-10-21,12.3,6,0.2,40
2021-10-22,13,5.2,0.2,48.9
2021-10-23,13.6,9.5,0.1,92.9
2021-10-24,15.1,12.1,0.1,85
2021-10-25,15.8,9.1,0.1,35.2
2021-10-26,16.6,9.1,0.1,79
2021-10-27,17.1,14.3,0.2,87.7
2021-10-28,15.6,12.1,0.2,68.2
2021-10-29,15.3,10.6,0.2,66.9
2021-10-30,14.6,9.8,0.1,40.2
2021-10-31,14.8,8.6,0.3,42.9
2021-11-01,13.6,6.1,18.5,25.6
2021-11-02,12.5,3.5,0.1,13.3
2021-11-03,9.8,2.1,0.1,52.5
2021-11-04,10.1,5.6,0.1,74.1
2021-11-05,9.8,0.8,0.1,46.3
2021-11-06,12.8,8.6,0.2,82.8
2021-11-07,13.1,6.1,11.9,18.9
2021-11-08,12.1,3.8,0.1,54.7
2021-11-09,15.6,10.3,0.1,65.4
2021-11-10,13,9.4,0.1,94.2
2021-11-11,15.8,10.1,0.1,77.1
2021-11-12,15.1,9.8,0.2,76.9
2021-11-13,13.1,10.6,0.1,90.1
2021-11-14,13.6,10.5,0.1,85.8
2021-11-15,11.8,10.3,7.2,92.5
2021-11-16,12,5.3,0.1,72
2021-11-17,12.1,6.1,0.1,22.6
2021-11-18,13.6,5.4,0.1,62.6
2021-11-19,12.3,10.8,0.1,97.4
2021-11-20,10.8,9.3,0.1,95.5
2021-11-21,9.6,4.6,0.2,48.6
2021-11-22,9.8,4.6,0.1,10.7
2021-11-23,9.3,2.5,0.1,22.7
2021-11-24,7.6,2.9,0.1,92.2
2021-11-25,7.5,3.1,0.1,38.7
2021-11-26,9.5,2.5,0.2,61.2
2021-11-27,5.3,2.9,0.2,90.7
2021-11-28,4.5,0.6,0.2,31.2
2021-11-29,3.8,-2.2,0.1,55.1
2021-11-30,11.8,5.1,0.2,87
2021-12-01,11.1,4,0.2,68.3
2021-12-02,5.3,1.1,0.2,30.4
2021-12-03,9.3,2,13.8,86.8
2021-12-04,8.1,3.6,0.2,56.4
2021-12-05,7.1,4.4,0.2,84.4
2021-12-06,6.9,3.1,0.2,54.7
2021-12-07,8.1,1.4,0.2,56.4
2021-12-08,8.3,5.6,25.5,52.4
2021-12-09,8.3,3.6,0.1,64.8
2021-12-10,8.1,3.5,0.2,51.4
2021-12-11,10.8,1.7,0.1,69.1
2021-12-12,13.3,10.6,0.1,90.3
2021-12-13,11.8,9.8,0.1,90.5
2021-12-14,12.8,9.6,0.1,92
2021-12-15,13.1,10.1,0.1,95
2021-12-16,12.1,10.8,3.6,99.7
2021-12-17,11.5,7.4,0.1,97.9
2021-12-18,8.8,7.5,0.1,100
2021-12-19,7.3,3.8,9.1,99.7
2021-12-20,7.6,6.3,0.1,97.1
2021-12-21,6.5,1.3,0.1,83.1
2021-12-22,5.1,1,8.9,42.2
2021-12-23,10.8,4.5,0.1,81.9
2021-12-24,10.6,6.3,0.1,82.6
2021-12-25,8.6,5.8,21.4,98.3
2021-12-26,8.9,5.5,0.1,94.8
2021-12-27,11.3,8,0.1,88.4
2021-12-28,11.6,9.1,0.2,88.7
2021-12-29,15.1,7.8,0.2,80.1
2021-12-30,14.8,13.6,0.2,94.7
2021-12-31,15,12.8,0.2,88.9
2022-01-01,16.1,13.1,0.2,74.5
2022-01-02,13.3,9.8,0.2,67.9
2022-01-03,11,9.1,0.2,59
2022-01-04,9,2.1,16.7,59.8
2022-01-05,6.5,1.1,0.1,10.2
2022-01-06,7.3,-1.9,3.4,48.6
2022-01-07,6.3,1.1,0.2,36.2
2022-01-08,10,1.3,8.7,69.8
2022-01-09,7.7,2.3,14.8,17.8
2022-01-10,9.1,1.6,6.6,73.6
2022-01-11,10.5,8.6,0.1,97.6
2022-01-12,8.1,2.3,0,18.4
2022-01-13,8.4,1.1,3.6,11
2022-01-14,8.9,0,4.7,2.6
2022-01-15,5.6,2.3,4.8,54.6
2022-01-16,9.1,4.1,0.1,62.8
2022-01-17,8.8,0.8,0.1,0.5
2022-01-18,6.8,-1.2,3.4,57.1
2022-01-19,9.3,5.1,20.1,67.8
2022-01-20,6.1,2.1,15.5,40.2
2022-01-21,4.6,-1.2,13.5,60.9
2022-01-22,6.8,1.7,10.7,87.5
2022-01-23,6.6,5.6,6.6,100
2022-01-24,6,3.6,0.1,100
2022-01-25,3.6,2.1,4.9,100
2022-01-26,8.1,3.1,4.1,87.8
2022-01-27,12.1,4.3,12.8,55.8
2022-01-28,9.8,2.1,18.7,53.9
2022-01-29,13.3,7.6,37.9,72.5
2022-01-30,8.3,1.6,13.1,32.4
2022-01-31,9.1,5.5,33.9,46.4
2022-02-01,14.3,5.8,19.3,64.2
2022-02-02,11.8,8.5,24.3,57.3
2022-02-03,10.1,7.6,12,91.9
2022-02-04,10.1,4,21.4,58.4
2022-02-05,10.6,2.3,29,38.5
2022-02-06,12.1,7,34.6,65.3
2022-02-07,11.1,2.3,17.8,50.3
2022-02-08,12.6,10.1,0.2,97.5
2022-02-09,13.6,8.3,5.4,82.4
2022-02-10,8.8,4.1,11,52.1
2022-02-11,8.6,1.3,10.5,31.5
2022-02-12,9.5,3.3,7.3,58.8
2022-02-13,10.1,7.5,0.2,94.5
2022-02-14,9.3,5.8,15.2,71.4
2022-02-15,10,2.9,30.9,60.2
2022-02-16,15.3,9.3,24.8,88.1
2022-02-17,11.5,8.3,44.2,59.3
2022-02-18,11.6,4.6,50.2,67.6
2022-02-19,10.3,3,33.4,30.9
2022-02-20,12.6,6,34.6,79.9
2022-02-21,11.1,4.8,46.1,46.5
2022-02-22,13.5,5.6,15.2,53.8
2022-02-23,10.8,3.1,13,45.8
2022-02-24,9.1,4,25.8,50.5
2022-02-25,11.1,3.6,22.8,12.5
2022-02-26,11.1,1.3,14.3,8.2
2022-02-27,11.3,3.6,19.6,0
2022-02-28,12.5,6.1,21.6,77.6
2022-03-01,9.8,7.3,16.1,98.1
2022-03-02,8.3,6.4,14.2,88.8
2022-03-03,12.8,6.5,12.4,81.3
2022-03-04,9.3,6.6,6.1,91.2
2022-03-05,7.5,5,0.2,95.7
2022-03-06,8.1,4.3,23.2,84.3
2022-03-07,7.8,3.1,0.2,57.2
2022-03-08,12.6,1.5,0.1,14.2
2022-03-09,12.8,8.6,0.2,73.1
2022-03-10,16,8,0.1,51.4
2022-03-11,13.1,9,24.8,58.7
2022-03-12,13,8.1,28.5,57.8
2022-03-13,12.1,7.5,21.6,74.6
2022-03-14,12.8,4.5,16,37.3
2022-03-15,15.6,6.3,13.5,38.7
2022-03-16,11.3,7.1,21.8,88.2
2022-03-17,14.1,3,23.7,19.9
2022-03-18,16.3,4.6,21.8,8.2
2022-03-19,13.6,8.3,31.2,0
2022-03-20,12,5.1,19.7,11
2022-03-21,16.6,2,13.2,3.7
2022-03-22,20,9.3,17.7,28.3
2022-03-23,19.5,7.3,13.1,3.5
2022-03-24,19.1,5.1,7.6,0.7
2022-03-25,17.8,7.3,18.2,2.1
2022-03-26,17.6,7.1,21.2,1.4
2022-03-27,13.3,6.8,14.2,50.2
2022-03-28,14.9,4.8,12,34.2
2022-03-29,11.1,8,17,79.4
2022-03-30,12.3,4.5,22,94.2
2022-03-31,8.1,2.1,29.3,56
2022-04-01,8.5,1.8,28.5,27.6
2022-04-02,8.1,1.6,20.6,26.9
2022-04-03,9.1,0,15.8,25.5
2022-04-04,14.6,5.1,26,88.6
2022-04-05,14.6,10.6,30,93.9
2022-04-06,13.6,9.4,34.2,77.9
2022-04-07,14.1,7,51.3,58.6
2022-04-08,11.8,3.5,20,37.9
2022-04-09,12.5,2.8,21.7,30.8
2022-04-10,13.3,2.1,15.9,21
2022-04-11,17.3,6.6,30.3,24.6
2022-04-12,18.6,10.6,21.1,50.9
2022-04-13,17.7,10.5,20.4,64.1
2022-04-14,19.6,8.6,12.4,41.7
2022-04-15,22.8,9,14.3,16.7
2022-04-16,18.7,9,17.5,7.4
2022-04-17,19.3,8.1,19.3,9
2022-04-18,17.3,8.1,13.8,28.4
2022-04-19,16,8.8,16,44.3
2022-04-20,18.1,7.8,24.1,22.6
2022-04-21,18.6,7.8,25.4,7.4
2022-04-22,15.5,9.3,28.4,66.2
2022-04-23,16.8,10.3,31.7,66.9
2022-04-24,18.1,8.6,21.8,24.6
2022-04-25,14.6,7.1,16,46.4
2022-04-26,15.6,6.1,17.5,21.6
2022-04-27,11.3,7.6,16.7,81.6
2022-04-28,14,7.1,14.9,66.1
2022-04-29,11.1,7.1,15.6,76.8
2022-04-30,18.1,5.3,12.5,24.8
2022-05-01,14.8,10.3,14.2,74.3
2022-05-02,16.8,9,7.6,82.3
2022-05-03,14.6,11.1,11.3,85.5
2022-05-04,17.3,10.8,17.2,71.4
2022-05-05,19.6,7.3,14.9,40.7
2022-05-06,22.8,10.3,23,22.8
2022-05-07,18.5,12.8,15.9,71.2
2022-05-08,18.3,10.3,15.4,40
2022-05-09,22,8.3,25.9,24.1
2022-05-10,20,14.6,25.6,67.4
2022-05-11,15.6,11.1,27.4,66.4
2022-05-12,18.1,8.3,26.2,37.3
2022-05-13,21,10.6,27.2,46.5
2022-05-14,23.1,8.6,13,17.5
2022-05-15,17.5,14.1,19.3,53.1
2022-05-16,21,12.8,28.9,60.6
2022-05-17,25.5,11.5,24.9,29.7
2022-05-18,23,12.1,19,20.9
2022-05-19,22,14.3,19.6,45.1
2022-05-20,17.8,12.5,25.2,62.6
2022-05-21,20,10.5,19,29
2022-05-22,23.6,10.3,18.4,14.5
2022-05-23,18.8,12.8,18.2,67.5
2022-05-24,17.1,10.1,17.9,58.4
2022-05-25,18.5,9.5,31,54
2022-05-26,19.6,10.4,29.2,69.2
2022-05-27,20.3,13.1,21.6,46
2022-05-28,17.8,10.1,17.8,33.9
2022-05-29,16.1,8.6,17.8,34.6
2022-05-30,15,6.8,22.3,53.7
2022-05-31,16.1,9.1,15.2,60.2
2022-06-01,18.1,7.8,11.4,54.3
2022-06-02,19.6,9.6,16.7,14.6
2022-06-03,23.3,11.5,20.5,44.9
2022-06-04,20.8,12.8,25,55.4
2022-06-05,15.6,10.7,18.2,95.4
2022-06-06,18,12.1,15.6,81.8
2022-06-07,21.1,10.4,18.5,54.1
2022-06-08,22.1,14.3,33.3,60.2
2022-06-09,20.1,12.1,22.3,53.3
2022-06-10,22.3,15.8,28.8,62.1
2022-06-11,21.8,12.8,27.2,34.3
2022-06-12,22.1,12,24.2,24.6
2022-06-13,20.8,11.5,13.1,27.1
2022-06-14,24.6,11.3,12.8,7
2022-06-15,27.3,12.5,14.5,1.2
2022-06-16,28.8,13.5,18.7,3.2
2022-06-17,31.6,16.8,31.4,9.7
2022-06-18,24.1,13.8,21.5,47.3
2022-06-19,19.1,10.8,21,54.5
2022-06-20,22.3,12.5,19.6,20.5
2022-06-21,25.1,11.1,11.9,0
2022-06-22,26.5,13.1,17.5,0
2022-06-23,25,14.5,17.8,39.8
2022-06-24,21.3,15,24,69.9
2022-06-25,21.1,13.6,28.4,55.4
2022-06-26,21.3,12.6,28.4,21.4
2022-06-27,19.6,12.8,28.8,38.1
2022-06-28,21.5,12.1,26.5,41.7
2022-06-29,20.8,15.6,25.1,69.7
2022-06-30,20.6,12.4,21.9,52.7
2022-07-01,21.1,11.6,25.9,54.8
2022-07-02,22.1,12.8,26.3,53.3
2022-07-03,22.1,12.1,18.8,44.1
2022-07-04,22.6,12.3,19.8,47.9
2022-07-05,22.1,11.8,16.7,36.8
2022-07-06,23.6,14.3,21.8,62.2
2022-07-07,24.1,17.1,20.2,56.4
2022-07-08,28.8,15.3,13.1,5.7
2022-07-09,26.6,17.1,15,22.4
2022-07-10,29.1,15.1,14.1,3.9
2022-07-11,30.8,16.6,17.3,7.2
2022-07-12,30.6,19.5,19.8,26.8
2022-07-13,28.1,19.9,12.7,41.3
2022-07-14,25.3,16.3,19.3,21.9
2022-07-15,25.5,14.6,18.8,9.8
2022-07-16,27.8,15.3,16.6,0.9
2022-07-17,30,16.1,17.2,9.3
2022-07-18,36.6,18,17.2,15.5
2022-07-19,39.8,21.7,26.2,11.6
2022-07-20,26.6,19.1,22.9,75.1
2022-07-21,23.6,17.3,16.1,82.1
2022-07-22,22.3,17.6,17.5,75.4
2022-07-23,27.3,16.1,24.7,46.3
2022-07-24,28.1,17.8,31.1,47.1
2022-07-25,23.8,18.3,25.9,76.4
2022-07-26,22.3,15.8,13.8,78.6
2022-07-27,21.1,15.6,14.5,61.1
2022-07-28,22.6,16.5,17.9,43
2022-07-29,26.3,15.1,13.5,25.5
2022-07-30,26.6,16.6,21.2,50.8
2022-07-31,26.1,19.8,26.6,80.1
2022-08-01,27,17.8,17.7,53.5
2022-08-02,25.6,19.1,23,66.2
2022-08-03,27.3,18.5,23.3,67.2
2022-08-04,24,17.6,15.6,56.3
2022-08-05,23.3,14.8,18.7,31.9
2022-08-06,24.8,12.5,11.3,0
2022-08-07,27.1,12.6,12.4,0.2
2022-08-08,28.1,17,18.7,3.6
2022-08-09,28.1,16.6,18.3,5.4
2022-08-10,29.6,16.6,21.6,4.6
2022-08-11,32.6,16.6,18.9,2.4
2022-08-12,32.8,18.8,19.4,0
2022-08-13,34,19.6,16.1,0
2022-08-14,33,19.3,15,4.1
2022-08-15,29.1,19.1,19,28.3
2022-08-16,22.1,18.1,13.6,59.8
2022-08-17,25.3,17.8,18.4,67.1
2022-08-18,26.5,18.1,19.9,68.3
2022-08-19,24.8,18.1,22.7,55.9
2022-08-20,24.8,13.8,24,25.4
2022-08-21,24.3,15,15.4,32.6
2022-08-22,22.5,14.1,16.4,56.1
2022-08-23,25.5,18.1,20.4,85.4
2022-08-24,28.8,20.1,19.2,60.5
2022-08-25,22.8,16.8,18.1,74.9
2022-08-26,24.8,13.3,8.7,38.7
2022-08-27,24.6,15.3,15,26.6
2022-08-28,24,15,19,23
2022-08-29,21.1,16.1,18.9,66
2022-08-30,23.8,14.8,20.1,50.4
2022-08-31,23.1,14.8,24,33
2022-09-01,23.1,14.8,20.5,55.9
2022-09-02,25,16.5,11.3,62.3
2022-09-03,24.1,15.8,19.8,49
2022-09-04,24.1,17,19.4,53.3
2022-09-05,22.8,16.1,21.8,47.6
2022-09-06,22.6,16,22.3,62.1
2022-09-07,21.1,15.3,21.8,56.5
2022-09-08,19.1,14.1,20.5,72.2
2022-09-09,20.1,14.8,21.8,80.2
2022-09-10,20.8,13.5,11.9,50.2
2022-09-11,23.1,14.3,17.8,40.8
2022-09-12,26.6,15.6,15.2,53
2022-09-13,20,16,15,73.2
2022-09-14,21.6,14.6,13.9,55
2022-09-15,19.8,13.6,15.6,79.6
2022-09-16,17.8,11.6,21.3,39.1
2022-09-17,17.8,7.6,20.6,4
2022-09-18,17.8,9.3,20.3,59.2
2022-09-19,18.1,12.6,9.4,72.5
2022-09-20,19.5,9.6,10.6,43.8
2022-09-21,20.3,14.1,12.5,58.4
2022-09-22,19.8,11,17.8,36.6
2022-09-23,19.1,14.8,13.4,76.5
2022-09-24,19,11,18.6,39.5
2022-09-25,16.6,9.8,16.3,34.8
2022-09-26,15.3,11.1,24.3,78.2
2022-09-27,14.8,9.1,21.5,64.5
2022-09-28,14.5,6.1,16.6,26.8
2022-09-29,16,5.8,10,39.4
2022-09-30,17,8.1,29.1,72.4
2022-10-01,19.1,12,26.4,51.4
2022-10-02,18.6,11.8,15.4,53.8
2022-10-03,18.3,8,15.2,43.5
2022-10-04,18,14.1,21.3,93.7
2022-10-05,18.8,12,34.6,77.3
2022-10-06,18.1,8.8,24.7,15.9
2022-10-07,19.3,12.1,29,50.2
2022-10-08,16.8,7.8,15.1,7.5
2022-10-09,18.6,6.8,19.3,14.8
2022-10-10,16.6,10.6,18.7,47.5
2022-10-11,16.5,5.5,6.9,10.1
2022-10-12,16.6,6.1,17.2,71.4
2022-10-13,17.5,11.7,10.5,66.6
2022-10-14,16.3,10.6,15.4,72.5
2022-10-15,16.6,9.3,28.5,47.7
2022-10-16,17.1,11,20,41.8
2022-10-17,19.3,12.1,21.5,58.4
2022-10-18,18.1,8.1,13.2,21.9
2022-10-19,16.6,12.8,26.4,35.3
2022-10-20,17.3,10.9,14.3,73.2
2022-10-21,18.8,10.3,25.2,86.3
2022-10-22,18.6,12.8,19.8,59
2022-10-23,18.8,13,21.3,77.1
2022-10-24,18.3,12.6,31.2,67.8
2022-10-25,17.5,12,15.3,49.4
2022-10-26,19.6,14.3,33.2,60.1
2022-10-27,20.6,13.8,20.6,43.8
2022-10-28,19,12.8,24.2,36.8
2022-10-29,22.6,12.3,16.1,44.7
2022-10-30,16.6,12.8,24,63
2022-10-31,17.1,12.1,25.4,60.7
2022-11-01,16.1,9.8,43.3,70.8
2022-11-02,15.3,9,32.6,57.7
2022-11-03,13.1,8.1,16.5,67.8
2022-11-04,12.8,6.5,18.4,40
2022-11-05,14,6,23.1,89.1
2022-11-06,14.3,10.8,22.6,71
2022-11-07,15.3,11,32.5,78.9
2022-11-08,15.3,11.6,31.7,67
2022-11-09,14,10.5,25.5,43
2022-11-10,15.1,10.3,25.9,74.4
2022-11-11,16.1,10.8,22,91.8
2022-11-12,15.7,10.6,15.6,56.1
2022-11-13,13.2,10.3,11.3,71.6
2022-11-14,13.2,8.9,13.6,83
2022-11-15,13.8,8.8,26.1,67.9
2022-11-16,12.8,8.6,23.2,69.1
2022-11-17,12,8.8,31.7,73.9
2022-11-18,12.1,7.6,23.1,66
2022-11-19,10.6,4.1,13.6,79.4
2022-11-20,11.1,5.6,25.2,55.4
2022-11-21,9.6,4.3,36.3,63.7
2022-11-22,10.3,4.6,20.6,43.4
2022-11-23,12.1,4.6,29.3,49.5
2022-11-24,13.3,6.8,29.8,52.3
2022-11-25,12.1,7.3,19.1,7.2
2022-11-26,12.6,7.1,28.8,74.9
2022-11-27,13.1,10.6,27.2,86.4
2022-11-28,12.1,6,11.6,48.4
2022-11-29,8.1,6.6,9.9,99.2
2022-11-30,9.6,7,8.1,78.8
2022-12-01,9.8,5.6,9.6,86.2
2022-12-02,7.6,4.6,19,87.6
2022-12-03,8,5.7,20.5,95.9
2022-12-04,6.1,4.6,20.2,98.5
2022-12-05,8.6,4.5,14.5,90.7
2022-12-06,7.3,4,11.8,57.7
2022-12-07,5.6,0.1,11.8,49.1
2022-12-08,4.1,-2.2,8.1,3.9
2022-12-09,3.8,-1.5,8.5,46.1
2022-12-10,3.4,-2.7,9.1,5.4
2022-12-11,1.1,-2.5,11.3,77
2022-12-12,1.1,-0.2,11.1,90.4
2022-12-13,2.1,-1.2,10.6,32.9
2022-12-14,1.5,-1.2,13.9,43.1
2022-12-15,2.6,-4.2,8.5,7.1
2022-12-16,2.6,-2.9,6.9,21.3
2022-12-17,5.6,-3.4,13.6,26.6
2022-12-18,9.4,-0.9,20.9,73.2
2022-12-19,13.3,10.1,31.9,99.6
2022-12-20,13.3,5.6,29.5,47.7
2022-12-21,11.3,5.6,16.1,73.9
2022-12-22,11.8,6.1,17.3,97
2022-12-23,13.3,8.6,28,77.2
2022-12-24,11,6.6,18.8,52
2022-12-25,11.6,9.1,18.3,85.9
2022-12-26,10.8,4.6,27.5,34.6
2022-12-27,10.6,2.8,28.4,60.3
2022-12-28,12,10,35.2,97.3
2022-12-29,10.3,6.1,33.6,52.6
2022-12-30,13.6,6,32.5,78.7
2022-12-31,14.3,10.8,34.6,95.5
2023-01-01,12.3,7.6,28.9,81
2023-01-02,9.1,2.8,15.4,40.4
2023-01-03,12.8,4.1,32,90.4
2023-01-04,14,10.8,38.4,78.8
2023-01-05,13.6,9.8,27,92
2023-01-06,12.6,6.6,31.5,59.9
2023-01-07,12.8,7.6,37,80.6
2023-01-08,10.1,5.6,26.5,77
2023-01-09,9.3,5.1,29.1,46.2
2023-01-10,13.1,4.8,32.1,81.6
2023-01-11,10.6,7.6,31.5,48.9
2023-01-12,12.8,8.6,39.4,87.1
2023-01-13,10.6,7,42.9,36.6
2023-01-14,12.8,6.6,36.4,80.1
2023-01-15,8.1,4,29.9,35.9
2023-01-16,5.5,-1.5,24.5,71.7
2023-01-17,2.1,-3.2,10.6,18.3
2023-01-18,5.1,-1.5,18.4,16.8
2023-01-19,5.3,-1.7,12.7,19.8
2023-01-20,6.5,-0.8,17.8,37.3
2023-01-21,6.1,-0.9,10.1,15.7
2023-01-22,5.1,-2.9,7.4,21.2
2023-01-23,4.6,-3.9,8.3,50.2
2023-01-24,5,-1.4,12.8,72.7
2023-01-25,6.6,-1.2,15.5,92.7
2023-01-26,7.8,3.8,18.8,80.1
2023-01-27,7.5,3.8,16.2,79.8
2023-01-28,6.6,4.3,9.9,99.8
2023-01-29,8.6,4.8,22.5,82.7
2023-01-30,9.6,3.3,20.1,37.5
2023-01-31,11.8,3.7,24.3,78.8
2023-02-01,10.6,4.9,30.8,57.4
2023-02-02,10.7,6.3,27.4,83.8
2023-02-03,12.2,6.8,23.3,68.6
2023-02-04,8.9,6.5,15.2,99.2
2023-02-05,8,0.3,16.7,21.7
2023-02-06,10.2,0.3,9.4,24.3
2023-02-07,7.8,-2.1,5.4,19.2
2023-02-08,7.5,-3.9,14.6,7.6
2023-02-09,8.9,-0.2,10.2,51.9
2023-02-10,8.3,-1.8,21.6,35.4
2023-02-11,9.6,7.4,12.8,99.8
2023-02-12,7.9,6.8,10.6,100
2023-02-13,12,3.2,11.3,27.5
2023-02-14,11.7,0.5,6.6,21.6
2023-02-15,14.5,1.4,21.6,41
2023-02-16,12.3,7.5,22.2,87.6
2023-02-17,14.6,10.4,33.5,98.4
2023-02-18,13.3,10.3,31.3,94.2
2023-02-19,13.5,7.5,20.4,27.3
2023-02-20,12.8,6.8,25.9,90.9
2023-02-21,10,6.5,15.6,90.6
2023-02-22,9.6,6.5,13.1,89.7
2023-02-23,8.6,3.8,23.1,84.2
2023-02-24,11.1,1.6,20.7,65.4
2023-02-25,8.1,4.1,24.9,62.8
2023-02-26,7.3,2.6,20.9,32
2023-02-27,8.3,1.6,19.3,53.4
2023-02-28,7.6,2.8,21.4,73.3
2023-03-01,8.1,4.6,16.7,96.5
2023-03-02,9.3,2.6,20,47
2023-03-03,7,4,16.7,99.9
2023-03-04,7.1,5.1,15,100
2023-03-05,5.3,3.6,14.5,97.3
2023-03-06,9.6,1.1,23.4,85.2
2023-03-07,5.8,1.1,17.6,79
2023-03-08,3.3,0.8,19.8,95.4
2023-03-09,10.8,2.6,16.8,99.6
2023-03-10,9.5,3,30.7,82.2
2023-03-11,8.6,-0.4,17.1,68.9
2023-03-12,13.3,6,28.7,86.6
2023-03-13,13.8,10.1,44.5,98.5
2023-03-14,10.8,4.2,28,70.7
2023-03-15,8.6,1,19.9,46.2
2023-03-16,13.6,7.6,26.9,86.7
2023-03-17,15,11,19.1,88.5
2023-03-18,13.6,9.6,15,73.4
2023-03-19,11,6.3,18.7,89.5
